﻿<?xml version="1.0" encoding="utf-8"?>
<Data>
  <Scenario>
    <ScenarioID>1</ScenarioID>
    <Name>Scenario1</Name>
    <Surname>BALDWIN</Surname>
    <Forename>EDWARD</Forename>
    <UserID>6F55DFD1-A235-4BAE-B958-C1A0AB4D5236</UserID>
    <SampleDate>2013-02-01T06:02:00</SampleDate>
    <CreationDate>2013-02-01T13:00:00</CreationDate>
    <NumMonths>12</NumMonths>
    <MarketID>2</MarketID>
    <NetworkLayerID>1</NetworkLayerID>
  </Scenario>
  <Scenario>
    <ScenarioID>2</ScenarioID>
    <Name>Scenario2</Name>
    <Surname>BALDWIN</Surname>
    <Forename>EDWARD</Forename>
    <UserID>6F55DFD1-A235-4BAE-B958-C1A0AB4D5236</UserID>
    <SampleDate>2013-02-01T06:02:00</SampleDate>
    <CreationDate>2013-02-01T13:00:00</CreationDate>
    <NumMonths>12</NumMonths>
    <MarketID>2</MarketID>
    <NetworkLayerID>1</NetworkLayerID>
  </Scenario>
  <Scenario>
    <ScenarioID>3</ScenarioID>
    <Name>Scenario3</Name>
    <Surname>BALDWIN</Surname>
    <Forename>EDWARD</Forename>
    <UserID>6F55DFD1-A235-4BAE-B958-C1A0AB4D5236</UserID>
    <SampleDate>2013-02-01T06:02:00</SampleDate>
    <CreationDate>2013-02-01T13:00:00</CreationDate>
    <NumMonths>12</NumMonths>
    <MarketID>2</MarketID>
    <NetworkLayerID>1</NetworkLayerID>
  </Scenario>
  <Scenario>
    <ScenarioID>4</ScenarioID>
    <Name>Scenario4</Name>
    <Surname>BALDWIN</Surname>
    <Forename>EDWARD</Forename>
    <UserID>6F55DFD1-A235-4BAE-B958-C1A0AB4D5236</UserID>
    <SampleDate>2013-02-01T06:02:00</SampleDate>
    <CreationDate>2013-02-01T13:00:00</CreationDate>
    <NumMonths>12</NumMonths>
    <MarketID>2</MarketID>
    <NetworkLayerID>1</NetworkLayerID>
  </Scenario>
  <Scenario>
    <ScenarioID>5</ScenarioID>
    <Name>Scenario5</Name>
    <Surname>BALDWIN</Surname>
    <Forename>EDWARD</Forename>
    <UserID>6F55DFD1-A235-4BAE-B958-C1A0AB4D5236</UserID>
    <SampleDate>2013-02-01T06:02:00</SampleDate>
    <CreationDate>2013-02-01T13:00:00</CreationDate>
    <NumMonths>12</NumMonths>
    <MarketID>2</MarketID>
    <NetworkLayerID>1</NetworkLayerID>
  </Scenario>
  <Scenario>
    <ScenarioID>6</ScenarioID>
    <Name>Scenario6</Name>
    <Surname>BALDWIN</Surname>
    <Forename>EDWARD</Forename>
    <UserID>6F55DFD1-A235-4BAE-B958-C1A0AB4D5236</UserID>
    <SampleDate>2013-02-01T06:02:00</SampleDate>
    <CreationDate>2013-02-01T13:00:00</CreationDate>
    <NumMonths>12</NumMonths>
    <MarketID>2</MarketID>
    <NetworkLayerID>1</NetworkLayerID>
  </Scenario>
  <Scenario>
    <ScenarioID>7</ScenarioID>
    <Name>Scenario7</Name>
    <Surname>BALDWIN</Surname>
    <Forename>EDWARD</Forename>
    <UserID>6F55DFD1-A235-4BAE-B958-C1A0AB4D5236</UserID>
    <SampleDate>2013-02-01T06:02:00</SampleDate>
    <CreationDate>2013-02-01T13:00:00</CreationDate>
    <NumMonths>12</NumMonths>
    <MarketID>2</MarketID>
    <NetworkLayerID>1</NetworkLayerID>
  </Scenario>
  <Scenario>
    <ScenarioID>8</ScenarioID>
    <Name>Scenario8</Name>
    <Surname>BALDWIN</Surname>
    <Forename>EDWARD</Forename>
    <UserID>6F55DFD1-A235-4BAE-B958-C1A0AB4D5236</UserID>
    <SampleDate>2013-02-01T06:02:00</SampleDate>
    <CreationDate>2013-02-01T13:00:00</CreationDate>
    <NumMonths>12</NumMonths>
    <MarketID>2</MarketID>
    <NetworkLayerID>1</NetworkLayerID>
  </Scenario>
  <Scenario>
    <ScenarioID>9</ScenarioID>
    <Name>Scenario9</Name>
    <Surname>BALDWIN</Surname>
    <Forename>EDWARD</Forename>
    <UserID>6F55DFD1-A235-4BAE-B958-C1A0AB4D5236</UserID>
    <SampleDate>2013-02-01T06:02:00</SampleDate>
    <CreationDate>2013-02-01T13:00:00</CreationDate>
    <NumMonths>12</NumMonths>
    <MarketID>2</MarketID>
    <NetworkLayerID>1</NetworkLayerID>
  </Scenario>
  <Scenario>
    <ScenarioID>10</ScenarioID>
    <Name>Scenario10</Name>
    <Surname>BALDWIN</Surname>
    <Forename>EDWARD</Forename>
    <UserID>
      6F55DFD1-A235-4BAE-B958-C1A
      0AB4D5236
    </UserID>
    <SampleDate>2013-02-01T06:02:00</SampleDate>
    <CreationDate>2013-02-01T13:00:00</CreationDate>
    <NumMonths>12</NumMonths>
    <MarketID>2</MarketID>
    <NetworkLayerID>1</NetworkLayerID>
  </Scenario>
  <Scenario>
    <ScenarioID>11</ScenarioID>
    <Name>Scenario11</Name>
    <Surname>BALDWIN</Surname>
    <Forename>EDWARD</Forename>
    <UserID>6F55DFD1-A235-4BAE-B958-C1A0AB4D5236</UserID>
    <SampleDate>2013-02-01T06:02:00</SampleDate>
    <CreationDate>2013-02-01T13:00:00</CreationDate>
    <NumMonths>12</NumMonths>
    <MarketID>2</MarketID>
    <NetworkLayerID>1</NetworkLayerID>
  </Scenario>
  <Scenario>
    <ScenarioID>12</ScenarioID>
    <Name>Scenario</Name>
    <Surname>BALDWIN</Surname>
    <Forename>EDWARD</Forename>
    <UserID>6F55DFD1-A235-4BAE-B958-C1A0AB4D5236</UserID>
    <SampleDate>2013-02-01T06:02:00</SampleDate>
    <CreationDate>2013-02-01T13:00:00</CreationDate>
    <NumMonths>12</NumMonths>
    <MarketID>2</MarketID>
    <NetworkLayerID>1</NetworkLayerID>
  </Scenario>
  <Scenario>
    <ScenarioID>13</ScenarioID>
    <Name>Scenario</Name>
    <Surname>BALDWIN</Surname>
    <Forename>EDWARD</Forename>
    <UserID>6F55DFD1-A235-4BAE-B958-C1A0AB4D5236</UserID>
    <SampleDate>2013-02-01T06:02:00</SampleDate>
    <CreationDate>2013-02-01T13:00:00</CreationDate>
    <NumMonths>12</NumMonths>
    <MarketID>2</MarketID>
    <NetworkLayerID>1</NetworkLayerID>
  </Scenario>
  <Scenario>
    <ScenarioID>14</ScenarioID><Name>Scenario</Name><Surname>BALDWIN</Surname><Forename>EDWARD</Forename><UserID>6F55DFD1-A235-4BAE-B958-C1A0AB4D5236</UserID><SampleDate>2013-02-01T06:02:00</SampleDate><CreationDate>2013-02-01T13:00:00</CreationDate><NumMonths>12</NumMonths></Scenar
io><Scenario>
      <ScenarioID>15</ScenarioID>
      <Name>Scenario</Name>
      <Surname>BALDWIN</Surname>
      <Forename>EDWARD</Forename>
      <UserID>6F55DFD1-A235-4BAE-B958-C1A0AB4D5236</UserID>
      <SampleDate>2013-02-01T06:02:00</SampleDate>
      <CreationDate>2013-02-01T13:00:00</CreationDate>
      <NumMonths>12</NumMonths>
      <MarketID>2</MarketID>
      <NetworkLayerID>1</NetworkLayerID>
    </Scenario><Scenario>
      <ScenarioID>16</ScenarioID>
      <Name>Scenario</Name>
      <Surname>BALDWIN</Surname>
      <Forename>EDWARD</Forename>
      <UserID>6F55DFD1-A235-4BAE-B958-C1A0AB4D5236</UserID>
      <SampleDate>2013-02-01T06:02:00</SampleDate>
      <CreationDate>2013-02-01T13:00:00</CreationDate>
      <NumMonths>12</NumMonths>
      <MarketID>2</MarketID>
      <NetworkLayerID>1</NetworkLayerID>
    </Scenario><Scenario>
      <ScenarioID>17</ScenarioID>
      <Name>Scenario</Name>
      <Surname>WIDDOWSON</Surname>
      <Forename>RICHARD GUY L</Forename>
      <UserID>ECA4A6AA-72FF-4885-9BEB-5B040FC5EF5C</UserID>
      <SampleDate>2013-02-01T06:03:00</SampleDate>
      <CreationDate>2013-02-01T19:00:00</CreationDate>
      <NumMonths>12</NumMonths>
      <MarketID>2</MarketID>
      <NetworkLayerID>1</NetworkLayerID>
    </Scenario><Scenario>
      <ScenarioID>18</ScenarioID>
      <Name>Scenario</Name>
      <Surname>WIDDOWSON</Surname>
      <Forename>RICHARD GUY L</Forename>
      <UserID>ECA4A6AA-72FF-4885-9BEB-5B040FC5EF5C</UserID>
      <SampleDate>2013-02-01T06:03:00</SampleDate>
      <CreationDate>2013-02-01T19:00:00</CreationDate>
      <NumMonths>12</NumMonths>
      <MarketID>2</MarketID>
      <NetworkLayerID>1</NetworkLayerID>
    </Scenario><Scenario>
      <ScenarioID>19</ScenarioID>
      <Name>Scenario</Name>
      <Surname>WIDDOWSON</Surname>
      <Forename>RICHARD GUY L</Forename>
      <UserID>ECA4A6AA-72FF-4885-9BEB-5B040FC5EF5C</UserID>
      <SampleDate>2013-02-01T06:03:00</SampleDate>
      <CreationDate>
        2013-02-
        01T19:00:00
      </CreationDate>
      <NumMonths>12</NumMonths>
      <MarketID>2</MarketID>
      <NetworkLayerID>1</NetworkLayerID>
    </Scenario><Scenario>
      <ScenarioID>20</ScenarioID>
      <Name>Scenario</Name>
      <Surname>WIDDOWSON</Surname>
      <Forename>RICHARD GUY L</Forename>
      <UserID>ECA4A6AA-72FF-4885-9BEB-5B040FC5EF5C</UserID>
      <SampleDate>2013-02-01T06:03:00</SampleDate>
      <CreationDate>2013-02-01T19:00:00</CreationDate>
      <NumMonths>12</NumMonths>
      <MarketID>2</MarketID>
      <NetworkLayerID>1</NetworkLayerID>
    </Scenario><Scenario>
      <ScenarioID>21</ScenarioID>
      <Name>Scenario</Name>
      <Surname>WIDDOWSON</Surname>
      <Forename>RICHARD GUY L</Forename>
      <UserID>ECA4A6AA-72FF-4885-9BEB-5B040FC5EF5C</UserID>
      <SampleDate>2013-02-01T06:03:00</SampleDate>
      <NumMonths>12</NumMonths>
      <MarketID>2</MarketID>
      <NetworkLayerID>1</NetworkLayerID>
    </Scenario><Scenario>
      <ScenarioID>22</ScenarioID>
      <Name>Scenario</Name>
      <Surname>WIDDOWSON</Surname>
      <Forename>RICHARD GUY L</Forename>
      <UserID>ECA4A6AA-72FF-4885-9BEB-5B040FC5EF5C</UserID>
      <SampleDate>2013-02-01T06:03:00</SampleDate>
      <CreationDate>2013-02-01T19:00:00</CreationDate>
      <NumMonths>12</NumMonths>
      <MarketID>2</MarketID>
      <NetworkLayerID>1</NetworkLayerID>
    </Scenario><Scenario>
      <ScenarioID>23</ScenarioID>
      <Name>Scenario</Name>
      <Surname>WIDDOWSON</Surname>
      <Forename>RICHARD GUY L</Forename>
      <UserID>ECA4A6AA-72FF-4885-9BEB-5B040FC5EF5C</UserID>
      <SampleDate>2013-02-01T06:03:00</SampleDate>
      <CreationDate>2013-02-01T19:00:00</CreationDate>
      <NumMonths>12</NumMonths>
      <MarketID>2</MarketID>
      <NetworkLayerID>1</NetworkLayerID>
    </Scenario><Scenario>
      <ScenarioID>24</ScenarioID>
      <Name>Scenario</Name>
      <Surname>WIDDOWSON</Surname>
      <F
orename="">
        RICHARD GUY L</Forename><UserID>ECA4A6AA-72FF-4885-9BEB-5B040FC5EF5C</UserID><SampleDate>2013-02-01T06:03:00</SampleDate><CreationDate>2013-02-01T19:00:00</CreationDate><NumMonths>12</NumMonths>
        <MarketID>2</MarketID>
        <NetworkLayerID>1</NetworkLayerID>
      </Scenario><Scenario>
      <ScenarioID>25</ScenarioID>
      <Name>Scenario</Name>
      <Surname>WIDDOWSON</Surname>
      <Forename>RICHARD GUY L</Forename>
      <UserID>ECA4A6AA-72FF-4885-9BEB-5B040FC5EF5C</UserID>
      <SampleDate>2013-02-01T06:03:00</SampleDate>
      <CreationDate>2013-02-01T19:00:00</CreationDate>
      <NumMonths>12</NumMonths>
      <MarketID>2</MarketID>
      <NetworkLayerID>1</NetworkLayerID>
    </Scenario><Scenario>
      <ScenarioID>26</ScenarioID>
      <Name>Scenario</Name>
      <Surname>WIDDOWSON</Surname>
      <Forename>RICHARD GUY L</Forename>
      <UserID>ECA4A6AA-72FF-4885-9BEB-5B040FC5EF5C</UserID>
      <SampleDate>2013-02-01T06:03:00</SampleDate>
      <CreationDate>2013-02-01T19:00:00</CreationDate>
      <NumMonths>12</NumMonths>
      <MarketID>2</MarketID>
      <NetworkLayerID>1</NetworkLayerID>
    </Scenario><Scenario>
      <ScenarioID>27</ScenarioID>
      <Name>Scenario</Name>
      <Surname>WIDDOWSON</Surname>
      <Forename>RICHARD GUY L</Forename>
      <UserID>ECA4A6AA-72FF-4885-9BEB-5B040FC5EF5C</UserID>
      <SampleDate>2013-02-01T06:03:00</SampleDate>
      <CreationDate>2013-02-01T19:00:00</CreationDate>
      <NumMonths>12</NumMonths>
      <MarketID>2</MarketID>
      <NetworkLayerID>1</NetworkLayerID>
    </Scenario><Scenario>
      <ScenarioID>28</ScenarioID>
      <Name>Scenario</Name>
      <Surname>WIDDOWSON</Surname>
      <Forename>RICHARD GUY L</Forename>
      <UserID>ECA4A6AA-72FF-4885-9BEB-5B040FC5EF5C</UserID>
      <SampleDate>2013-02-01T06:03:00</SampleDate>
      <CreationDate>2013-02-01T19:00:00</CreationDate>
      <NumMonths>12</NumMonths>
      <MarketID>2</MarketID>
      <NetworkLayerID>1</NetworkLayerID>
    </Scenario><Scenario>
      <ScenarioID>29</ScenarioID>
      <Name>Scenario</Name>
      <Surname>WIDDOWSON</Surname>
      <Forename>RICHARD GUY L</Forename>
      <UserID>ECA4A6AA-72FF-4885-9BEB-5B040FC5EF5C</UserID>
      <SampleDate>2013-02-01T06:03:00</SampleDate>
      <CreationDate>2013-02-01T19:00:00</CreationDate>
      <NumMonths>12</NumMonths>
      <MarketID>2</MarketID>
      <NetworkLayerID>1</NetworkLayerID>
    </Scenario><Scenario>
      <ScenarioID>30</ScenarioID>
      <Name>Scenario</Name>
      <Surname>WIDDOWSON</Surname>
      <Forename>RICHARD GUY L</Forename>
      <UserID>ECA4A6AA-72FF-4885-9BEB-5B040FC5EF5C</UserID>
      <SampleDate>2013-02-01T06:03:00</SampleDate>
      <CreationDate>2013-02-01T19:00:00</CreationDate>
      <NumMonths>12</NumMonths>
      <MarketID>2</MarketID>
      <NetworkLayerID>1</NetworkLayerID>
    </Scenario><Scenario>
      <ScenarioID>31</ScenarioID>
      <Name>Scenario</Name>
      <Surname>WIDDOWSON</Surname>
      <Forename>RICHARD GUY L</Forename>
      <UserID>4A750735-57D9-4770-AFDF-61278AC208BE</UserID>
      <SampleDate>2013-02-01T06:03:00</SampleDate>
      <CreationDate>2013-02-01T19:00:00</CreationDate>
      <NumMonths>12</NumMonths>
      <MarketID>2</MarketID>
      <NetworkLayerID>1</NetworkLayerID>
    </Scenario><Scenario>
      <ScenarioID>32</ScenarioID>
      <Name>Scenario</Name>
      <Surname>WIDDOWSON</Surname>
      <Forename>RICHARD GUY L</Forename>
      <UserID>4A750735-57D9-4770-AFDF-61278AC208BE</UserID>
      <SampleDate>2013-02-01T06:03:00</SampleDate>
      <CreationDate>2013-02-01T19:00:00</CreationDate>
      <NumMonths>12</NumMonths>
      <MarketID>2</MarketID>
      <NetworkLayerID>1</NetworkLayerID>
    </Scenario><Scenario>
      <ScenarioID>33</ScenarioID>
      <Name>Scenario</Name>
      <Surname>WIDDOWSON</Surname>
      <Forename>RICHARD GUY L</Forename>
      <UserID>
        4A750735-57D9-4770-AFDF-6
        1278AC208BE
      </UserID>
      <SampleDate>2013-02-01T06:03:00</SampleDate>
      <CreationDate>2013-02-01T19:00:00</CreationDate>
      <NumMonths>12</NumMonths>
      <MarketID>2</MarketID>
      <NetworkLayerID>1</NetworkLayerID>
    </Scenario><Scenario>
      <ScenarioID>34</ScenarioID>
      <Name>Scenario</Name>
      <Surname>WIDDOWSON</Surname>
      <Forename>RICHARD GUY L</Forename>
      <UserID>4A750735-57D9-4770-AFDF-61278AC208BE</UserID>
      <SampleDate>2013-02-01T06:03:00</SampleDate>
      <CreationDate>2013-02-01T19:00:00</CreationDate>
      <NumMonths>12</NumMonths>
      <MarketID>2</MarketID>
      <NetworkLayerID>1</NetworkLayerID>
    </Scenario><Scenario>
      <ScenarioID>35</ScenarioID>
      <Name>Scenario</Name>
      <Surname>WIDDOWSON</Surname>
      <Forename>RICHARD GUY L</Forename>
      <UserID>4A750735-57D9-4770-AFDF-61278AC208BE</UserID>
      <SampleDate>2013-02-01T06:03:00</SampleDate>
      <CreationDate>2013-02-01T19:00:00</CreationDate>
      <NumMonths>12</NumMonths>
      <MarketID>2</MarketID>
      <NetworkLayerID>1</NetworkLayerID>
    </Scenario><Scenario>
      <ScenarioID>36</ScenarioID>
      <Name>Scenario</Name>
      <Surname>WIDDOWSON</Surname>
      <Forename>RICHARD GUY L</Forename>
      <UserID>4A750735-57D9-4770-AFDF-61278AC208BE</UserID>
      <SampleDate>2013-02-01T06:03:00</SampleDate>
      <CreationDate>2013-02-01T19:00:00</CreationDate>
      <NumMonths>12</NumMonths>
      <MarketID>2</MarketID>
      <NetworkLayerID>1</NetworkLayerID>
    </Scenario><Scenario>
      <ScenarioID>37</ScenarioID>
      <Name>Scenario</Name>
      <Surname>WIDDOWSON</Surname>
      <Forename>RICHARD GUY L</Forename>
      <UserID>4A750735-57D9-4770-AFDF-61278AC208BE</UserID>
      <SampleDate>2013-02-01T06:03:00</SampleDate>
      <CreationDate>2013-02-01T19:00:00</CreationDate>
      <NumMonths>12</NumMonths>
      <MarketID>2</MarketID>
      <NetworkLayerID>1</NetworkLayerID>
    </Scenario><Scenario>
      <ScenarioID>38</ScenarioID>
      <Name>Scenario</Name>
      <Surname>WIDDOWSON</Surname>
      <Forename>RICHARD GUY L</Forename>
      <UserID>4A750735-57D9-4770-AFDF-61278AC208BE</UserID>
      <SampleDate>2013-02-01T06:03:00</SampleDate>
      <CreationDate>2013-02-01T19:00:00</CreationDate>
      <NumMonths>12</NumMonths>
      <MarketID>2</MarketID>
      <NetworkLayerID>1</NetworkLayerID>
    </Scenario><Scenario>
      <ScenarioID>39</ScenarioID>
      <Name>Scenario</Name>
      <Surname>WIDDOWSON</Surname>
      <Forename>RICHARD GUY L</Forename>
      <UserID>4A750735-57D9-4770-AFDF-61278AC208BE</UserID>
      <SampleDate>2013-02-01T06:03:00</SampleDate>
      <CreationDate>2013-02-01T19:00:00</CreationDate>
      <NumMonths>12</NumMonths>
      <MarketID>2</MarketID>
      <NetworkLayerID>1</NetworkLayerID>
    </Scenario><Scenario>
      <ScenarioID>40</ScenarioID>
      <Name>Scenario</Name>
      <Surname>WIDDOWSON</Surname>
      <Forename>RICHARD GUY L</Forename>
      <UserID>4A750735-57D9-4770-AFDF-61278AC208BE</UserID>
      <SampleDate>2013-02-01T06:03:00</SampleDate>
      <CreationDate>2013-02-01T19:00:00</CreationDate>
      <NumMonths>12</NumMonths>
      <MarketID>2</MarketID>
      <NetworkLayerID>1</NetworkLayerID>
    </Scenario><Scenario>
      <ScenarioID>41</ScenarioID>
      <Name>Scenario</Name>
      <Surname>WIDDOWSON</Surname>
      <Forename>RICHARD GUY L</Forename>
      <UserID>4A750735-57D9-4770-AFDF-61278AC208BE</UserID>
      <SampleDate>2013-02-01T06:03:00</SampleDate>
      <CreationDate>2013-02-01T19:00:00</CreationDate>
      <NumMonths>12</NumMonths>
      <MarketID>2</MarketID>
      <NetworkLayerID>1</NetworkLayerID>
    </Scenario><Scenario>
      <ScenarioID>42</ScenarioID>
      <Name>Scenario</Name>
      <Surname>WIDDOWSON</Surname>
      <Forename>RICHARD GUY L</Forename>
      <UserID>4A750735-57D9-4770-AFDF-61278AC208BE</UserID>
      <Sample
_Date="">
        2013-02-01T06:03:00</SampleDate><CreationDate>2013-02-01T19:00:00</CreationDate><NumMonths>12</NumMonths>
        <MarketID>2</MarketID>
        <NetworkLayerID>1</NetworkLayerID>
      </Scenario><Scenario>
      <ScenarioID>43</ScenarioID>
      <Name>Scenario</Name>
      <Surname>WIDDOWSON</Surname>
      <Forename>RICHARD GUY L</Forename>
      <UserID>4A750735-57D9-4770-AFDF-61278AC208BE</UserID>
      <SampleDate>2013-02-01T06:03:00</SampleDate>
      <CreationDate>2013-02-01T19:00:00</CreationDate>
      <NumMonths>12</NumMonths>
      <MarketID>2</MarketID>
      <NetworkLayerID>1</NetworkLayerID>
    </Scenario><Scenario>
      <ScenarioID>44</ScenarioID>
      <Name>Scenario</Name>
      <Surname>WIDDOWSON</Surname>
      <Forename>RICHARD GUY L</Forename>
      <UserID>4A750735-57D9-4770-AFDF-61278AC208BE</UserID>
      <SampleDate>2013-02-01T06:03:00</SampleDate>
      <CreationDate>2013-02-01T19:00:00</CreationDate>
      <NumMonths>12</NumMonths>
      <MarketID>2</MarketID>
      <NetworkLayerID>1</NetworkLayerID>
    </Scenario><Scenario>
      <ScenarioID>45</ScenarioID>
      <Name>Scenario</Name>
      <Surname>LUNAN</Surname>
      <Forename>JAMES</Forename>
      <UserID>189218A5-6D7D-4E3E-90D4-724D214AE8A2</UserID>
      <SampleDate>2013-02-01T06:02:00</SampleDate>
      <CreationDate>2013-02-01T16:32:00</CreationDate>
      <NumMonths>12</NumMonths>
      <MarketID>2</MarketID>
      <NetworkLayerID>1</NetworkLayerID>
    </Scenario><Scenario>
      <ScenarioID>46</ScenarioID>
      <Name>Scenario</Name>
      <Surname>LUNAN</Surname>
      <Forename>JAMES</Forename>
      <UserID>189218A5-6D7D-4E3E-90D4-724D214AE8A2</UserID>
      <SampleDate>2013-02-01T06:02:00</SampleDate>
      <CreationDate>2013-02-01T16:32:00</CreationDate>
      <NumMonths>12</NumMonths>
      <MarketID>2</MarketID>
      <NetworkLayerID>1</NetworkLayerID>
    </Scenario><Scenario>
      <ScenarioID>
        12619315</ScenarioI
D><Surname>LUNAN</Surname><Forename>JAMES</Forename><UserID>189218A5-6D7D-4E3E-90D4-724D214AE8A2</UserID><SampleDate>2013-02-01T06:02:00</SampleDate><CreationDate>2013-02-01T16:32:00</CreationDate><NumMonths>12</NumMonths>
        <MarketID>2</MarketID>
        <NetworkLayerID>1</NetworkLayerID>
      </Scenario><Scenario>
      <ScenarioID>47</ScenarioID>
      <Name>Scenario</Name>
      <Surname>LUNAN</Surname>
      <Forename>JAMES</Forename>
      <UserID>189218A5-6D7D-4E3E-90D4-724D214AE8A2</UserID>
      <SampleDate>2013-02-01T06:02:00</SampleDate>
      <CreationDate>2013-02-01T16:32:00</CreationDate>
      <NumMonths>12</NumMonths>
      <MarketID>2</MarketID>
      <NetworkLayerID>1</NetworkLayerID>
    </Scenario><Scenario>
      <ScenarioID>48</ScenarioID>
      <Name>Scenario</Name>
      <Surname>LUNAN</Surname>
      <Forename>JAMES</Forename>
      <UserID>189218A5-6D7D-4E3E-90D4-724D214AE8A2</UserID>
      <SampleDate>2013-02-01T06:02:00</SampleDate>
      <CreationDate>2013-02-01T16:32:00</CreationDate>
      <NumMonths>12</NumMonths>
      <MarketID>2</MarketID>
      <NetworkLayerID>1</NetworkLayerID>
    </Scenario><Scenario>
      <ScenarioID>49</ScenarioID>
      <Name>Scenario</Name>
      <Surname>LUNAN</Surname>
      <Forename>JAMES</Forename>
      <UserID>189218A5-6D7D-4E3E-90D4-724D214AE8A2</UserID>
      <SampleDate>2013-02-01T06:02:00</SampleDate>
      <CreationDate>2013-02-01T16:32:00</CreationDate>
      <NumMonths>12</NumMonths>
      <MarketID>2</MarketID>
      <NetworkLayerID>1</NetworkLayerID>
    </Scenario><Scenario>
      <ScenarioID>50</ScenarioID>
      <Name>Scenario</Name>
      <Surname>LUNAN</Surname>
      <Forename>JAMES</Forename>
      <UserID>189218A5-6D7D-4E3E-90D4-724D214AE8A2</UserID>
      <SampleDate>2013-02-01T06:02:00</SampleDate>
      <CreationDate>2013-02-01T16:32:00</CreationDate>
      <NumMonths>
        1
        2
      </NumMonths>
      <MarketID>2</MarketID>
      <NetworkLayerID>1</NetworkLayerID>
    </Scenario><Scenario>
      <ScenarioID>51</ScenarioID>
      <Name>Scenario</Name>
      <Surname>LUNAN</Surname>
      <Forename>JAMES</Forename>
      <UserID>189218A5-6D7D-4E3E-90D4-724D214AE8A2</UserID>
      <SampleDate>2013-02-01T06:02:00</SampleDate>
      <CreationDate>2013-02-01T16:32:00</CreationDate>
      <NumMonths>12</NumMonths>
      <MarketID>2</MarketID>
      <NetworkLayerID>1</NetworkLayerID>
    </Scenario><Scenario>
      <ScenarioID>52</ScenarioID>
      <Name>Scenario</Name>
      <Surname>LUNAN</Surname>
      <Forename>JAMES</Forename>
      <UserID>189218A5-6D7D-4E3E-90D4-724D214AE8A2</UserID>
      <SampleDate>2013-02-01T06:02:00</SampleDate>
      <CreationDate>2013-02-01T16:32:00</CreationDate>
      <NumMonths>12</NumMonths>
      <MarketID>2</MarketID>
      <NetworkLayerID>1</NetworkLayerID>
    </Scenario><Scenario>
      <ScenarioID>53</ScenarioID>
      <Name>Scenario</Name>
      <Surname>LUNAN</Surname>
      <Forename>JAMES</Forename>
      <UserID>189218A5-6D7D-4E3E-90D4-724D214AE8A2</UserID>
      <SampleDate>2013-02-01T06:02:00</SampleDate>
      <CreationDate>2013-02-01T16:32:00</CreationDate>
      <NumMonths>12</NumMonths>
      <MarketID>2</MarketID>
      <NetworkLayerID>1</NetworkLayerID>
    </Scenario><Scenario>
      <ScenarioID>54</ScenarioID>
      <Name>Scenario</Name>
      <Surname>Marriott</Surname>
      <Forename>Gerald</Forename>
      <UserID>91F9E135-94F3-4210-87AB-E953779545FB</UserID>
      <SampleDate>2013-02-01T06:01:00</SampleDate>
      <CreationDate>2013-02-01T14:11:00</CreationDate>
      <NumMonths>12</NumMonths>
      <MarketID>2</MarketID>
      <NetworkLayerID>1</NetworkLayerID>
    </Scenario><Scenario>
      <ScenarioID>56</ScenarioID>
      <Name>Scenario</Name>
      <Surname>Marriott</Surname>
      <Forename>Gerald</Forename>
      <UserID>91F9E135-94F3-4210-87AB-E953779545FB</UserID>
      <SampleDate>
        2013-02
        -01T06:01:00
      </SampleDate>
      <CreationDate>2013-02-01T14:11:00</CreationDate>
      <NumMonths>12</NumMonths>
      <MarketID>2</MarketID>
      <NetworkLayerID>1</NetworkLayerID>
    </Scenario><Scenario>
      <ScenarioID>57</ScenarioID>
      <Name>Scenario</Name>
      <Surname>Marriott</Surname>
      <Forename>Gerald</Forename>
      <UserID>91F9E135-94F3-4210-87AB-E953779545FB</UserID>
      <SampleDate>2013-02-01T06:01:00</SampleDate>
      <CreationDate>2013-02-01T14:11:00</CreationDate>
      <NumMonths>12</NumMonths>
      <MarketID>2</MarketID>
      <NetworkLayerID>1</NetworkLayerID>
    </Scenario><Scenario>
      <ScenarioID>58</ScenarioID>
      <Name>Scenario</Name>
      <Surname>Marriott</Surname>
      <Forename>Gerald</Forename>
      <UserID>91F9E135-94F3-4210-87AB-E953779545FB</UserID>
      <SampleDate>2013-02-01T06:01:00</SampleDate>
      <CreationDate>2013-02-01T14:11:00</CreationDate>
      <NumMonths>12</NumMonths>
      <MarketID>2</MarketID>
      <NetworkLayerID>1</NetworkLayerID>
    </Scenario><Scenario>
      <ScenarioID>59</ScenarioID>
      <Name>Scenario</Name>
      <Surname>Marriott</Surname>
      <Forename>Gerald</Forename>
      <UserID>91F9E135-94F3-4210-87AB-E953779545FB</UserID>
      <SampleDate>2013-02-01T06:01:00</SampleDate>
      <CreationDate>2013-02-01T14:11:00</CreationDate>
      <NumMonths>12</NumMonths>
      <MarketID>2</MarketID>
      <NetworkLayerID>1</NetworkLayerID>
    </Scenario><Scenario>
      <ScenarioID>60</ScenarioID>
      <Name>Scenario60</Name>
      <Surname>Marriott</Surname>
      <Forename>Gerald</Forename>
      <UserID>91F9E135-94F3-4210-87AB-E953779545FB</UserID>
      <SampleDate>2013-02-01T06:01:00</SampleDate>
      <CreationDate>2013-02-01T14:11:00</CreationDate>
      <NumMonths>12</NumMonths>
      <MarketID>2</MarketID>
      <NetworkLayerID>1</NetworkLayerID>
    </Scenario>
  </Data>